{
  "map": 2,
  "items": [
    {
      "UID": "ahi2bfi2",
      "ID": 0,
      "name": "Basic Helmet",
      "description": "Just enough to protect you@right?",
      "rarity": 1,
      "item_type": 3,
      "gear_location": 0,
      "quantity": 1,
      "stackable": false,
      "health": 200,
      "attack": 10,
      "defence": 0
    },
    {
      "UID": "ahi2bdsf2",
      "ID": 1,
      "name": "Basic Torso",
      "description": "Popular among new adventurers.@Hope it protects you well!",
      "rarity": 1,
      "item_type": 3,
      "gear_location": 1,
      "quantity": 1,
      "stackable": false,
      "health": 420,
      "attack": 10,
      "defence": 0
    },
    {
      "UID": "asfag",
      "ID": 2,
      "name": "small basic sword",
      "description": "Same size as a banana,@is it a banana?",
      "rarity": 1,
      "item_type": 2,
      "gear_location": 2,
      "quantity": 1,
      "stackable": false,
      "health": 50,
      "attack": 200,
      "defence": 0
    },
    {
      "UID": "kjhjbdsf2",
      "ID": 3,
      "name": "Basic Leggings",
      "description": "Sacrificing protection for@mobility. You only live once.@Right?",
      "rarity": 1,
      "item_type": 3,
      "gear_location": 3,
      "quantity": 1,
      "stackable": false,
      "health": 150,
      "attack": 20,
      "defence": 96
    },
    {
      "UID": "34jgdsf2",
      "ID": 4,
      "name": "Basic Boots",
      "description": "Clank, clank, clank. @Your enemies might hear you@before they see you...",
      "rarity": 1,
      "item_type": 3,
      "gear_location": 4,
      "quantity": 1,
      "stackable": false,
      "health": 420,
      "attack": 69,
      "defence": 96
    },
    {
      "UID": "ahi2bfi2",
      "ID": 5,
      "name": "Elite Knight Helmet",
      "description": "For the king, for honor@and for glory.",
      "rarity": 4,
      "item_type": 3,
      "gear_location": 0,
      "quantity": 1,
      "stackable": false,
      "health": 1000,
      "attack": 200,
      "defence": 0
    },
    {
      "UID": "ahi2bdsf2",
      "ID": 6,
      "name": "Elite Knight Torso",
      "description": "For the king, for honor@and glory.",
      "rarity": 4,
      "item_type": 3,
      "gear_location": 1,
      "quantity": 1,
      "stackable": false,
      "health": 2500,
      "attack": 100,
      "defence": 0
    },
    {
      "UID": "jj2bfi2",
      "ID": 7,
      "name": "Elite Knight Sword",
      "description": "Pure & unadulterated pain",
      "rarity": 4,
      "item_type": 2,
      "gear_location": 2,
      "quantity": 1,
      "stackable": false,
      "health": 0,
      "attack": 1000,
      "defence": 0
    },

    {
      "UID": "kjhjbdsf2",
      "ID": 8,
      "name": "Elite Knight Leggings",
      "description": "For the king, for honor@and for glory.",
      "rarity": 4,
      "item_type": 3,
      "gear_location": 3,
      "quantity": 1,
      "stackable": false,
      "health": 800,
      "attack": 50,
      "defence": 96
    },
    {
      "UID": "34jgdsf2",
      "ID": 9,
      "name": "Elite Knight Boots",
      "description": "For the king, for honor@and for glory.",
      "rarity": 4,
      "item_type": 3,
      "gear_location": 4,
      "quantity": 1,
      "stackable": false,
      "health": 300,
      "attack": 200,
      "defence": 96
    },
    {
      "UID": "gjdwqrq",
      "ID": 10,
      "name": "White Dragon Helmet",
      "description": "Dragon slayer walker",
      "rarity": 5,
      "item_type": 3,
      "gear_location": 0,
      "quantity": 1,
      "stackable": false,
      "health": 1500,
      "attack": 2000,
      "defence": 2000
    },
    {
      "UID": "gjdwqrq",
      "ID": 11,
      "name": "White Dragon Torso",
      "description": "Dragon slayer walker",
      "rarity": 5,
      "item_type": 3,
      "gear_location": 1,
      "quantity": 1,
      "stackable": false,
      "health": 1500,
      "attack": 2000,
      "defence": 2000
    },
    {
      "UID": "gjdwqrq",
      "ID": 12,
      "name": "White Dragon Sword",
      "description": "Dragon slayer walker",
      "rarity": 5,
      "item_type": 2,
      "gear_location": 2,
      "quantity": 1,
      "stackable": false,
      "health": 1500,
      "attack": 2000,
      "defence": 2000
    },
    {
      "UID": "gjdwqrq",
      "ID": 13,
      "name": "White Dragon Leggings",
      "description": "Dragon slayer walker",
      "rarity": 5,
      "item_type": 3,
      "gear_location": 3,
      "quantity": 1,
      "stackable": false,
      "health": 1500,
      "attack": 2000,
      "defence": 2000
    },
    {
      "UID": "gjdwqrq",
      "ID": 14,
      "name": "White Dragon Boots",
      "description": "Dragon slayer walker",
      "rarity": 5,
      "item_type": 3,
      "gear_location": 4,
      "quantity": 1,
      "stackable": false,
      "health": 1500,
      "attack": 2000,
      "defence": 2000
    },
    {
      "UID": "aqad112341ssssss",
      "ID": 15,
      "name": "Merlion saliva",
      "description": "Doesn't age like fine wine",
      "rarity": 2,
      "item_type": 5,
      "gear_location": 5,
      "quantity": 1,
      "stackable": true,
      "health": 300,
      "attack": 0,
      "defence": 30
    },
    {
      "UID": "ameow112adss",
      "ID": 16,
      "name": "Horn of Salvation",
      "description": "It takes 10 years to attain@bankai, but with this 1 second.",
      "rarity": 4,
      "item_type": 1,
      "gear_location": 5,
      "quantity": 1,
      "stackable": true,
      "health": 0,
      "attack": 0,
      "defence": 0
    },
    {
      "UID": "kasdh23n9",
      "ID": 17,
      "name": "Hilt of baal",
      "description": "To kill a demon, you need an@item of a demon",
      "rarity": 3,
      "item_type": 1,
      "gear_location": 5,
      "quantity": 1,
      "stackable": true,
      "health": 0,
      "attack": 0,
      "defence": 0
    },
    {
      "UID": "poioiu",
      "ID": 18,
      "name": "Scales of Kimaris",
      "description": "Hanibal lector of demons",
      "rarity": 2,
      "item_type": 1,
      "gear_location": 5,
      "quantity": 1,
      "stackable": true,
      "health": 0,
      "attack": 0,
      "defence": 0
    },
    {
      "UID": "qwertygvc3",
      "ID": 19,
      "name": "Scales of Barbatos",
      "description": "Unlike fish skin, demon skin@is inedible ",
      "rarity": 4,
      "item_type": 1,
      "gear_location": 5,
      "quantity": 1,
      "stackable": true,
      "health": 0,
      "attack": 0,
      "defence": 0
    },
    {
      "UID": "mnbvcjhgh",
      "ID": 20,
      "name": "Chalise of Gusion",
      "description": "He who sits, shall drink while@sitting",
      "rarity": 2,
      "item_type": 1,
      "gear_location": 5,
      "quantity": 1,
      "stackable": true,
      "health": 0,
      "attack": 0,
      "defence": 0
    },
    {
      "UID": "gsdfajn",
      "ID": 21,
      "name": "Chalice of Astaroth",
      "description": "Once filled with the blood of@his enemies",
      "rarity": 5,
      "item_type": 1,
      "gear_location": 5,
      "quantity": 1,
      "stackable": true,
      "health": 0,
      "attack": 0,
      "defence": 0
    },
    {
      "UID": "kasdh23n9",
      "ID": 22,
      "name": "Crown of Marchosias",
      "description": "He ruled over the demons!@For a minute...",
      "rarity": 3,
      "item_type": 1,
      "gear_location": 5,
      "quantity": 1,
      "stackable": true,
      "health": 0,
      "attack": 0,
      "defence": 0
    },
    {
      "UID": "sdjjwerf",
      "ID": 23,
      "name": "Jewel of Barbatos",
      "description": "To kill a demon, you need an@gem of a demon",
      "rarity": 3,
      "item_type": 1,
      "gear_location": 5,
      "quantity": 1,
      "stackable": true,
      "health": 0,
      "attack": 0,
      "defence": 0
    },
    {
      "UID": "asfnjjj",
      "ID": 24,
      "name": "Banana",
      "description": "Is there a banana god?",
      "rarity": 1,
      "item_type": 4,
      "gear_location": 5,
      "quantity": 1,
      "stackable": true,
      "health": 100,
      "attack": 0,
      "defence": 50
    },
    {
      "UID": "kasdh23n9",
      "ID": 25,
      "name": "Lychee",
      "description": "Sweet & hairy",
      "rarity": 1,
      "item_type": 4,
      "gear_location": 5,
      "quantity": 1,
      "stackable": true,
      "health": 200,
      "attack": 0,
      "defence": 200
    },
    {
      "UID": "ygvrfc9",
      "ID": 26,
      "name": "Sword of Kirmish",
      "description": "Forged in the heart of a dragon's den",
      "rarity": 5,
      "item_type": 2,
      "gear_location": 2,
      "quantity": 1,
      "stackable": false,
      "health": 1000,
      "attack": 4000,
      "defence": 0
    },
    {
      "UID": "uytgr3426",
      "ID": 27,
      "name": "Claymore of Kirmish",
      "description": "Can literally cleave through anything",
      "rarity": 5,
      "item_type": 2,
      "gear_location": 2,
      "quantity": 1,
      "stackable": false,
      "health": 0,
      "attack": 8000,
      "defence": 0
    },
    {
      "UID": "ygvrfc9",
      "ID": 28,
      "name": "Attack Potion",
      "description": "Makes you as strong as a demon",
      "rarity": 1,
      "item_type": 5,
      "gear_location": 5,
      "quantity": 1,
      "stackable": true,
      "health": 0,
      "attack": 300,
      "defence": 0
    }
  ]
}